{"log_key": 1, "result": {"best_tour": [5, 18, 26, 42, 29, 36, 27, 17, 35, 43, 30, 37, 7, 0, 8, 39, 14, 10, 12, 46, 20, 22, 2, 21, 15, 40, 33, 13, 24, 31, 38, 47, 4, 41, 23, 9, 25, 34, 44, 3, 1, 28, 11, 32, 19, 45, 6, 16], "best_length": 16549.0, "list_iteration": [0, 1, 2, 3, 4, 5, 6, 7, 8, 9], "list_best_tour": [[5, 18, 26, 42, 29, 36, 27, 17, 35, 43, 30, 37, 7, 0, 8, 39, 14, 10, 12, 46, 20, 22, 2, 21, 15, 40, 33, 13, 24, 31, 38, 47, 4, 41, 23, 9, 25, 34, 44, 3, 1, 28, 11, 32, 19, 45, 6, 16], [5, 18, 26, 42, 29, 36, 27, 17, 35, 43, 30, 37, 7, 0, 8, 39, 14, 10, 12, 46, 20, 22, 2, 21, 15, 40, 33, 13, 24, 31, 38, 47, 4, 41, 23, 9, 25, 34, 44, 3, 1, 28, 11, 32, 19, 45, 6, 16], [5, 18, 26, 42, 29, 36, 27, 17, 35, 43, 30, 37, 7, 0, 8, 39, 14, 10, 12, 46, 20, 22, 2, 21, 15, 40, 33, 13, 24, 31, 38, 47, 4, 41, 23, 9, 25, 34, 44, 3, 1, 28, 11, 32, 19, 45, 6, 16], [5, 18, 26, 42, 29, 36, 27, 17, 35, 43, 30, 37, 7, 0, 8, 39, 14, 10, 12, 46, 20, 22, 2, 21, 15, 40, 33, 13, 24, 31, 38, 47, 4, 41, 23, 9, 25, 34, 44, 3, 1, 28, 11, 32, 19, 45, 6, 16], [5, 18, 26, 42, 29, 36, 27, 17, 35, 43, 30, 37, 7, 0, 8, 39, 14, 10, 12, 46, 20, 22, 2, 21, 15, 40, 33, 13, 24, 31, 38, 47, 4, 41, 23, 9, 25, 34, 44, 3, 1, 28, 11, 32, 19, 45, 6, 16], [5, 18, 26, 42, 29, 36, 27, 17, 35, 43, 30, 37, 7, 0, 8, 39, 14, 10, 12, 46, 20, 22, 2, 21, 15, 40, 33, 13, 24, 31, 38, 47, 4, 41, 23, 9, 25, 34, 44, 3, 1, 28, 11, 32, 19, 45, 6, 16], [5, 18, 26, 42, 29, 36, 27, 17, 35, 43, 30, 37, 7, 0, 8, 39, 14, 10, 12, 46, 20, 22, 2, 21, 15, 40, 33, 13, 24, 31, 38, 47, 4, 41, 23, 9, 25, 34, 44, 3, 1, 28, 11, 32, 19, 45, 6, 16], [5, 18, 26, 42, 29, 36, 27, 17, 35, 43, 30, 37, 7, 0, 8, 39, 14, 10, 12, 46, 20, 22, 2, 21, 15, 40, 33, 13, 24, 31, 38, 47, 4, 41, 23, 9, 25, 34, 44, 3, 1, 28, 11, 32, 19, 45, 6, 16], [5, 18, 26, 42, 29, 36, 27, 17, 35, 43, 30, 37, 7, 0, 8, 39, 14, 10, 12, 46, 20, 22, 2, 21, 15, 40, 33, 13, 24, 31, 38, 47, 4, 41, 23, 9, 25, 34, 44, 3, 1, 28, 11, 32, 19, 45, 6, 16], [5, 18, 26, 42, 29, 36, 27, 17, 35, 43, 30, 37, 7, 0, 8, 39, 14, 10, 12, 46, 20, 22, 2, 21, 15, 40, 33, 13, 24, 31, 38, 47, 4, 41, 23, 9, 25, 34, 44, 3, 1, 28, 11, 32, 19, 45, 6, 16]], "list_best_len": [16549.0, 16549.0, 16549.0, 16549.0, 16549.0, 16549.0, 16549.0, 16549.0, 16549.0, 16549.0], "list_avg": [19599.896551724138, 23007.758620689656, 25837.896551724138, 28478.724137931036, 30511.206896551725, 32433.206896551725, 33553.206896551725, 35670.89655172414, 37032.93103448276, 37674.8275862069], "list_deviation": [1535.4889948162997, 1085.8230800106173, 1730.9132879335198, 1765.4349706143187, 1826.6595268668973, 2176.8086630811226, 2033.6716861611649, 2940.5148279173786, 2886.9420417141646, 2072.06692992021]}}
{"log_key": 2, "result": {"best_tour": [10, 11, 7, 1, 2, 0, 12, 8, 3, 9, 4, 6, 5, 14, 13], "best_length": 0.3567692784738148, "list_iteration": [0, 1, 2, 3, 4, 5, 6, 7, 8, 9], "list_best_tour": [[4, 1, 2, 8, 0, 12, 3, 7, 11, 10, 13, 14, 9, 5, 6], [10, 11, 7, 1, 2, 0, 12, 8, 3, 9, 4, 6, 5, 14, 13], [10, 11, 7, 1, 2, 0, 12, 8, 3, 9, 4, 6, 5, 14, 13], [10, 11, 7, 1, 2, 0, 12, 8, 3, 9, 4, 6, 5, 14, 13], [10, 11, 7, 1, 2, 0, 12, 8, 3, 9, 4, 6, 5, 14, 13], [10, 11, 7, 1, 2, 0, 12, 8, 3, 9, 4, 6, 5, 14, 13], [10, 11, 7, 1, 2, 0, 12, 8, 3, 9, 4, 6, 5, 14, 13], [10, 11, 7, 1, 2, 0, 12, 8, 3, 9, 4, 6, 5, 14, 13], [10, 11, 7, 1, 2, 0, 12, 8, 3, 9, 4, 6, 5, 14, 13], [10, 11, 7, 1, 2, 0, 12, 8, 3, 9, 4, 6, 5, 14, 13]], "list_best_len": [0.36694044208161086, 0.3567692784738148, 0.3567692784738148, 0.3567692784738148, 0.3567692784738148, 0.3567692784738148, 0.3567692784738148, 0.3567692784738148, 0.3567692784738148, 0.3567692784738148], "list_avg": [0.40783891952275053, 0.3843669810341084, 0.4403934557858587, 0.4629508302938537, 0.445220582136007, 0.4644043883366619, 0.532522038433376, 0.48141767433058136, 0.5112444380221428, 0.5330751178119812], "list_deviation": [0.04535585650003627, 0.03263740987165117, 0.044397206960188354, 0.033793086669624016, 0.02478915149151466, 0.04463857421183081, 0.06846002988342628, 0.060794768800771365, 0.06046135797847574, 0.07695492382188399]}}
{"log_key": 3, "result": {"best_tour": [15, 8, 0, 37, 30, 43, 17, 35, 6, 27, 29, 36, 18, 26, 42, 16, 5, 45, 32, 14, 10, 22, 12, 13, 24, 20, 46, 19, 11, 39, 21, 7, 2, 33, 28, 41, 47, 4, 38, 31, 23, 44, 34, 9, 25, 3, 1, 40], "best_length": 17506.0, "list_iteration": [0, 1, 2, 3, 4, 5, 6, 7, 8, 9], "list_best_tour": [[15, 8, 0, 37, 30, 43, 17, 35, 6, 27, 29, 36, 18, 26, 42, 16, 5, 45, 32, 14, 10, 22, 12, 13, 24, 20, 46, 19, 11, 39, 21, 7, 2, 33, 28, 41, 47, 4, 38, 31, 23, 44, 34, 9, 25, 3, 1, 40], [15, 8, 0, 37, 30, 43, 17, 35, 6, 27, 29, 36, 18, 26, 42, 16, 5, 45, 32, 14, 10, 22, 12, 13, 24, 20, 46, 19, 11, 39, 21, 7, 2, 33, 28, 41, 47, 4, 38, 31, 23, 44, 34, 9, 25, 3, 1, 40], [15, 8, 0, 37, 30, 43, 17, 35, 6, 27, 29, 36, 18, 26, 42, 16, 5, 45, 32, 14, 10, 22, 12, 13, 24, 20, 46, 19, 11, 39, 21, 7, 2, 33, 28, 41, 47, 4, 38, 31, 23, 44, 34, 9, 25, 3, 1, 40], [15, 8, 0, 37, 30, 43, 17, 35, 6, 27, 29, 36, 18, 26, 42, 16, 5, 45, 32, 14, 10, 22, 12, 13, 24, 20, 46, 19, 11, 39, 21, 7, 2, 33, 28, 41, 47, 4, 38, 31, 23, 44, 34, 9, 25, 3, 1, 40], [15, 8, 0, 37, 30, 43, 17, 35, 6, 27, 29, 36, 18, 26, 42, 16, 5, 45, 32, 14, 10, 22, 12, 13, 24, 20, 46, 19, 11, 39, 21, 7, 2, 33, 28, 41, 47, 4, 38, 31, 23, 44, 34, 9, 25, 3, 1, 40], [15, 8, 0, 37, 30, 43, 17, 35, 6, 27, 29, 36, 18, 26, 42, 16, 5, 45, 32, 14, 10, 22, 12, 13, 24, 20, 46, 19, 11, 39, 21, 7, 2, 33, 28, 41, 47, 4, 38, 31, 23, 44, 34, 9, 25, 3, 1, 40], [15, 8, 0, 37, 30, 43, 17, 35, 6, 27, 29, 36, 18, 26, 42, 16, 5, 45, 32, 14, 10, 22, 12, 13, 24, 20, 46, 19, 11, 39, 21, 7, 2, 33, 28, 41, 47, 4, 38, 31, 23, 44, 34, 9, 25, 3, 1, 40], [15, 8, 0, 37, 30, 43, 17, 35, 6, 27, 29, 36, 18, 26, 42, 16, 5, 45, 32, 14, 10, 22, 12, 13, 24, 20, 46, 19, 11, 39, 21, 7, 2, 33, 28, 41, 47, 4, 38, 31, 23, 44, 34, 9, 25, 3, 1, 40], [15, 8, 0, 37, 30, 43, 17, 35, 6, 27, 29, 36, 18, 26, 42, 16, 5, 45, 32, 14, 10, 22, 12, 13, 24, 20, 46, 19, 11, 39, 21, 7, 2, 33, 28, 41, 47, 4, 38, 31, 23, 44, 34, 9, 25, 3, 1, 40], [15, 8, 0, 37, 30, 43, 17, 35, 6, 27, 29, 36, 18, 26, 42, 16, 5, 45, 32, 14, 10, 22, 12, 13, 24, 20, 46, 19, 11, 39, 21, 7, 2, 33, 28, 41, 47, 4, 38, 31, 23, 44, 34, 9, 25, 3, 1, 40]], "list_best_len": [17506.0, 17506.0, 17506.0, 17506.0, 17506.0, 17506.0, 17506.0, 17506.0, 17506.0, 17506.0], "list_avg": [19630.862068965518, 22886.03448275862, 26322.03448275862, 28458.137931034482, 30577.172413793105, 31718.0, 33833.206896551725, 35164.96551724138, 37363.51724137931, 37229.89655172414], "list_deviation": [1213.0412407350946, 1634.000316549161, 1732.2501156167336, 1596.9142504069243, 1583.6041638563759, 1808.956881741519, 2109.7437450910334, 2661.8218181586863, 2570.573429921948, 2511.8951488699236]}}
{"log_key": 4, "result": {"best_tour": [15, 21, 2, 40, 33, 47, 46, 45, 43, 42, 39, 14, 32, 37, 30, 35, 36, 29, 27, 26, 19, 22, 24, 38, 41, 44, 34, 31, 28, 25, 23, 20, 13, 12, 11, 17, 18, 16, 10, 8, 0, 7, 6, 5, 4, 1, 3, 9], "best_length": 28768.0, "list_iteration": [0, 1], "list_best_tour": [[15, 21, 2, 40, 33, 47, 46, 45, 43, 42, 39, 14, 32, 37, 30, 35, 36, 29, 27, 26, 19, 22, 24, 38, 41, 44, 34, 31, 28, 25, 23, 20, 13, 12, 11, 17, 18, 16, 10, 8, 0, 7, 6, 5, 4, 1, 3, 9], [15, 21, 2, 40, 33, 47, 46, 45, 43, 42, 39, 14, 32, 37, 30, 35, 36, 29, 27, 26, 19, 22, 24, 38, 41, 44, 34, 31, 28, 25, 23, 20, 13, 12, 11, 17, 18, 16, 10, 8, 0, 7, 6, 5, 4, 1, 3, 9]], "list_best_len": [28768.0, 28768.0]}}
{"log_key": 5, "result": {"best_tour": [5, 6, 4, 9, 8, 2, 1, 0, 12, 3, 7, 13, 10, 11, 14], "best_length": 0.3622492810001751, "list_iteration": [0, 1, 2, 3, 4, 5, 6, 7, 8, 9],